{"stats":{"minecraft:custom":{"minecraft:mob_kills":111,"minecraft:interact_with_crafting_table":27,"minecraft:leave_game":6,"minecraft:time_since_death":180724,"minecraft:climb_one_cm":5732,"minecraft:sprint_one_cm":544139,"minecraft:walk_one_cm":597952,"minecraft:damage_blocked_by_shield":995,"minecraft:drop":85,"minecraft:talked_to_villager":5,"minecraft:play_time":184124,"minecraft:deaths":1,"minecraft:sneak_time":2244,"minecraft:walk_under_water_one_cm":19722,"minecraft:jump":2681,"minecraft:walk_on_water_one_cm":62001,"minecraft:total_world_time":184124,"minecraft:interact_with_furnace":20,"minecraft:traded_with_villager":2,"minecraft:sleep_in_bed":1,"minecraft:time_since_rest":103794,"minecraft:damage_taken":2313,"minecraft:damage_dealt":13450,"minecraft:swim_one_cm":30952,"minecraft:fly_one_cm":276120,"minecraft:open_chest":24,"minecraft:crouch_one_cm":3118,"minecraft:interact_with_smoker":14,"minecraft:fall_one_cm":48283,"minecraft:inspect_dispenser":2},"minecraft:killed":{"minecraft:armadillo":1,"minecraft:spider":7,"minecraft:skeleton":14,"minecraft:chicken":8,"minecraft:pig":2,"minecraft:salmon":20,"minecraft:iron_golem":2,"minecraft:bat":1,"minecraft:creeper":4,"minecraft:sheep":21,"minecraft:zombie":15,"minecraft:cow":12},"minecraft:picked_up":{"minecraft:wooden_axe":2,"minecraft:crafting_table":7,"minecraft:wheat":13,"minecraft:chicken":8,"minecraft:wooden_pickaxe":1,"minecraft:enchanted_book":1,"minecraft:red_bed":1,"minecraft:string":10,"minecraft:raw_copper":2,"minecraft:cooked_salmon":8,"minecraft:sticky_piston":1,"minecraft:cobbled_deepslate":34,"minecraft:beef":22,"minecraft:melon_slice":206,"minecraft:sugar_cane":10,"minecraft:furnace":1,"minecraft:egg":3,"minecraft:stick":4,"minecraft:raw_iron":88,"minecraft:torch":1,"minecraft:porkchop":5,"minecraft:diorite":22,"minecraft:redstone":5,"minecraft:rotten_flesh":12,"minecraft:arrow":16,"minecraft:hay_block":45,"minecraft:snowball":73,"minecraft:mutton":33,"minecraft:cobblestone":380,"minecraft:white_wool":5,"minecraft:feather":7,"minecraft:cooked_beef":14,"minecraft:repeater":3,"minecraft:salmon":18,"minecraft:jungle_log":27,"minecraft:leather":5,"minecraft:oak_log":3,"minecraft:gunpowder":1,"minecraft:lapis_lazuli":58,"minecraft:dirt":52,"minecraft:bone":14,"minecraft:glass":17,"minecraft:bow":1,"minecraft:wheat_seeds":14,"minecraft:raw_gold":7,"minecraft:stone_pickaxe":1,"minecraft:iron_ingot":7,"minecraft:cooked_chicken":2,"minecraft:jungle_planks":1,"minecraft:mossy_cobblestone":3,"minecraft:diamond":17,"minecraft:stone_axe":1,"minecraft:granite":2,"minecraft:bone_meal":1,"minecraft:oak_sapling":1,"minecraft:coal":60},"minecraft:broken":{"minecraft:stone_axe":1,"minecraft:iron_pickaxe":1,"minecraft:wooden_axe":1,"minecraft:iron_hoe":1},"minecraft:mined":{"minecraft:tuff":8,"minecraft:deepslate_diamond_ore":17,"minecraft:sculk_vein":38,"minecraft:jungle_leaves":4,"minecraft:glow_lichen":1,"minecraft:granite":4,"minecraft:grass_block":4,"minecraft:jungle_log":21,"minecraft:redstone_wire":4,"minecraft:spawner":1,"minecraft:hay_block":46,"minecraft:sculk_catalyst":3,"minecraft:furnace":1,"minecraft:iron_ore":89,"minecraft:sticky_piston":1,"minecraft:andesite":3,"minecraft:pumpkin":1,"minecraft:vine":7,"minecraft:dirt_path":4,"minecraft:stone":360,"minecraft:tripwire":5,"minecraft:red_bed":1,"minecraft:powder_snow":39,"minecraft:crafting_table":7,"minecraft:short_grass":69,"minecraft:melon":50,"minecraft:sculk_sensor":4,"minecraft:tall_grass":1,"minecraft:copper_ore":1,"minecraft:cobblestone":11,"minecraft:lapis_ore":10,"minecraft:deepslate_gold_ore":3,"minecraft:sugar_cane":6,"minecraft:sculk":446,"minecraft:diorite":2,"minecraft:repeater":1,"minecraft:wheat":7,"minecraft:oak_log":3,"minecraft:coal_ore":59,"minecraft:dirt":50,"minecraft:smooth_basalt":3,"minecraft:gold_ore":4,"minecraft:oak_leaves":6,"minecraft:deepslate":92,"minecraft:fern":7},"minecraft:crafted":{"minecraft:oak_planks":12,"minecraft:cooked_chicken":6,"minecraft:furnace":1,"minecraft:cooked_mutton":32,"minecraft:glass":17,"minecraft:bow":1,"minecraft:iron_boots":1,"minecraft:iron_axe":2,"minecraft:iron_hoe":2,"minecraft:stone_pickaxe":2,"minecraft:wheat":387,"minecraft:cooked_beef":22,"minecraft:cooked_porkchop":5,"minecraft:crafting_table":5,"minecraft:wooden_pickaxe":1,"minecraft:iron_helmet":1,"minecraft:bucket":1,"minecraft:stone_axe":3,"minecraft:bread":30,"minecraft:jungle_planks":104,"minecraft:iron_chestplate":1,"minecraft:shield":1,"minecraft:stick":32,"minecraft:iron_ingot":43,"minecraft:iron_pickaxe":2,"minecraft:wooden_axe":2,"minecraft:iron_leggings":1},"minecraft:dropped":{"minecraft:enchanted_book":5,"minecraft:wheat_seeds":14,"minecraft:cooked_beef":23,"minecraft:mossy_cobblestone":3,"minecraft:granite":2,"minecraft:jungle_planks":4,"minecraft:stick":2,"minecraft:dirt":4,"minecraft:diorite":22,"minecraft:repeater":3,"minecraft:wooden_axe":3,"minecraft:melon_slice":59,"minecraft:cooked_salmon":2,"minecraft:bone_meal":1,"minecraft:iron_axe":1,"minecraft:sand":2,"minecraft:white_wool":5,"minecraft:bone":7,"minecraft:redstone":5,"minecraft:stone_axe":2,"minecraft:cobbled_deepslate":24,"minecraft:raw_copper":2,"minecraft:wheat":27,"minecraft:rotten_flesh":9,"minecraft:hay_block":2,"minecraft:gunpowder":1,"minecraft:oak_sapling":1,"minecraft:bamboo":4,"minecraft:bow":1,"minecraft:wooden_pickaxe":1,"minecraft:glass":34,"minecraft:stone_pickaxe":3,"minecraft:egg":3},"minecraft:used":{"minecraft:shield":45,"minecraft:cooked_salmon":6,"minecraft:rotten_flesh":4,"minecraft:torch":1,"minecraft:dirt":26,"minecraft:iron_hoe":489,"minecraft:wooden_axe":91,"minecraft:iron_axe":174,"minecraft:jungle_log":1,"minecraft:bow":19,"minecraft:furnace":1,"minecraft:water_bucket":7,"minecraft:stone_pickaxe":219,"minecraft:wooden_pickaxe":18,"minecraft:crafting_table":11,"minecraft:red_bed":1,"minecraft:bread":29,"minecraft:melon_slice":40,"minecraft:iron_pickaxe":451,"minecraft:stone_axe":257,"minecraft:cobblestone":163,"minecraft:bucket":7},"minecraft:killed_by":{"minecraft:spider":1}},"DataVersion":3839}