{"stats":{"minecraft:custom":{"minecraft:mob_kills":84,"minecraft:interact_with_crafting_table":21,"minecraft:leave_game":4,"minecraft:time_since_death":125078,"minecraft:climb_one_cm":5732,"minecraft:sprint_one_cm":357751,"minecraft:walk_one_cm":409308,"minecraft:damage_blocked_by_shield":385,"minecraft:drop":60,"minecraft:talked_to_villager":5,"minecraft:play_time":128478,"minecraft:deaths":1,"minecraft:sneak_time":2244,"minecraft:walk_under_water_one_cm":15849,"minecraft:jump":1997,"minecraft:walk_on_water_one_cm":25051,"minecraft:total_world_time":128478,"minecraft:interact_with_furnace":17,"minecraft:traded_with_villager":2,"minecraft:sleep_in_bed":1,"minecraft:time_since_rest":48148,"minecraft:damage_taken":1483,"minecraft:damage_dealt":9313,"minecraft:swim_one_cm":30952,"minecraft:fly_one_cm":228168,"minecraft:open_chest":11,"minecraft:crouch_one_cm":3118,"minecraft:interact_with_smoker":14,"minecraft:fall_one_cm":36918,"minecraft:inspect_dispenser":2},"minecraft:killed":{"minecraft:armadillo":1,"minecraft:spider":3,"minecraft:skeleton":7,"minecraft:chicken":8,"minecraft:pig":2,"minecraft:salmon":20,"minecraft:iron_golem":2,"minecraft:bat":1,"minecraft:creeper":3,"minecraft:sheep":20,"minecraft:zombie":4,"minecraft:cow":11},"minecraft:picked_up":{"minecraft:wooden_axe":2,"minecraft:crafting_table":5,"minecraft:wheat":13,"minecraft:chicken":8,"minecraft:wooden_pickaxe":1,"minecraft:red_bed":1,"minecraft:string":7,"minecraft:raw_copper":2,"minecraft:cooked_salmon":8,"minecraft:sticky_piston":1,"minecraft:cobbled_deepslate":24,"minecraft:beef":22,"minecraft:melon_slice":206,"minecraft:sugar_cane":10,"minecraft:egg":3,"minecraft:furnace":1,"minecraft:raw_iron":88,"minecraft:stick":4,"minecraft:porkchop":5,"minecraft:diorite":22,"minecraft:redstone":5,"minecraft:rotten_flesh":6,"minecraft:arrow":8,"minecraft:hay_block":45,"minecraft:mutton":32,"minecraft:cobblestone":198,"minecraft:white_wool":5,"minecraft:feather":7,"minecraft:cooked_beef":14,"minecraft:repeater":3,"minecraft:jungle_log":27,"minecraft:salmon":18,"minecraft:leather":5,"minecraft:oak_log":3,"minecraft:gunpowder":1,"minecraft:lapis_lazuli":58,"minecraft:dirt":9,"minecraft:bone":4,"minecraft:bow":1,"minecraft:wheat_seeds":14,"minecraft:raw_gold":7,"minecraft:stone_pickaxe":1,"minecraft:iron_ingot":7,"minecraft:cooked_chicken":2,"minecraft:jungle_planks":1,"minecraft:mossy_cobblestone":3,"minecraft:diamond":5,"minecraft:stone_axe":1,"minecraft:granite":2,"minecraft:bone_meal":1,"minecraft:oak_sapling":1,"minecraft:coal":33},"minecraft:broken":{"minecraft:stone_axe":1,"minecraft:wooden_axe":1,"minecraft:iron_hoe":1},"minecraft:mined":{"minecraft:tuff":8,"minecraft:deepslate_diamond_ore":5,"minecraft:sculk_vein":30,"minecraft:jungle_leaves":4,"minecraft:glow_lichen":1,"minecraft:granite":4,"minecraft:grass_block":2,"minecraft:jungle_log":21,"minecraft:redstone_wire":4,"minecraft:hay_block":46,"minecraft:sculk_catalyst":3,"minecraft:furnace":1,"minecraft:iron_ore":89,"minecraft:sticky_piston":1,"minecraft:andesite":3,"minecraft:pumpkin":1,"minecraft:vine":7,"minecraft:dirt_path":4,"minecraft:stone":184,"minecraft:tripwire":5,"minecraft:red_bed":1,"minecraft:crafting_table":5,"minecraft:short_grass":65,"minecraft:melon":50,"minecraft:sculk_sensor":4,"minecraft:copper_ore":1,"minecraft:cobblestone":5,"minecraft:deepslate_gold_ore":3,"minecraft:lapis_ore":10,"minecraft:sugar_cane":6,"minecraft:sculk":406,"minecraft:diorite":2,"minecraft:repeater":1,"minecraft:wheat":7,"minecraft:oak_log":3,"minecraft:coal_ore":32,"minecraft:dirt":9,"minecraft:smooth_basalt":3,"minecraft:gold_ore":4,"minecraft:oak_leaves":6,"minecraft:deepslate":82,"minecraft:fern":7},"minecraft:crafted":{"minecraft:oak_planks":12,"minecraft:cooked_chicken":6,"minecraft:furnace":1,"minecraft:cooked_mutton":32,"minecraft:iron_boots":1,"minecraft:bow":1,"minecraft:iron_axe":1,"minecraft:iron_hoe":2,"minecraft:stone_pickaxe":2,"minecraft:wheat":387,"minecraft:cooked_beef":22,"minecraft:cooked_porkchop":5,"minecraft:crafting_table":4,"minecraft:wooden_pickaxe":1,"minecraft:iron_helmet":1,"minecraft:stone_axe":3,"minecraft:bread":30,"minecraft:jungle_planks":104,"minecraft:iron_chestplate":1,"minecraft:shield":1,"minecraft:stick":28,"minecraft:iron_ingot":43,"minecraft:iron_pickaxe":1,"minecraft:wooden_axe":2,"minecraft:iron_leggings":1},"minecraft:dropped":{"minecraft:wheat_seeds":14,"minecraft:cooked_beef":23,"minecraft:mossy_cobblestone":3,"minecraft:granite":2,"minecraft:jungle_planks":4,"minecraft:stick":2,"minecraft:dirt":4,"minecraft:diorite":22,"minecraft:repeater":3,"minecraft:wooden_axe":3,"minecraft:melon_slice":59,"minecraft:cooked_salmon":2,"minecraft:bone_meal":1,"minecraft:white_wool":5,"minecraft:bone":7,"minecraft:redstone":5,"minecraft:stone_axe":2,"minecraft:cobbled_deepslate":24,"minecraft:raw_copper":2,"minecraft:wheat":27,"minecraft:rotten_flesh":9,"minecraft:hay_block":2,"minecraft:gunpowder":1,"minecraft:oak_sapling":1,"minecraft:bamboo":4,"minecraft:bow":1,"minecraft:wooden_pickaxe":1,"minecraft:stone_pickaxe":3,"minecraft:egg":3},"minecraft:used":{"minecraft:shield":18,"minecraft:cooked_salmon":6,"minecraft:rotten_flesh":4,"minecraft:iron_hoe":441,"minecraft:wooden_axe":91,"minecraft:iron_axe":64,"minecraft:jungle_log":1,"minecraft:bow":6,"minecraft:furnace":1,"minecraft:stone_pickaxe":219,"minecraft:wooden_pickaxe":18,"minecraft:crafting_table":9,"minecraft:red_bed":1,"minecraft:melon_slice":33,"minecraft:bread":11,"minecraft:iron_pickaxe":211,"minecraft:stone_axe":257,"minecraft:cobblestone":103},"minecraft:killed_by":{"minecraft:spider":1}},"DataVersion":3839}