{"stats":{"minecraft:custom":{"minecraft:interact_with_furnace":14,"minecraft:mob_kills":69,"minecraft:traded_with_villager":2,"minecraft:interact_with_crafting_table":19,"minecraft:leave_game":4,"minecraft:time_since_death":95078,"minecraft:sleep_in_bed":1,"minecraft:climb_one_cm":5580,"minecraft:time_since_rest":18148,"minecraft:sprint_one_cm":303781,"minecraft:damage_taken":1049,"minecraft:walk_one_cm":284757,"minecraft:drop":48,"minecraft:damage_dealt":6795,"minecraft:swim_one_cm":30952,"minecraft:talked_to_villager":5,"minecraft:fly_one_cm":209227,"minecraft:open_chest":11,"minecraft:crouch_one_cm":1526,"minecraft:play_time":98478,"minecraft:sneak_time":1472,"minecraft:deaths":1,"minecraft:walk_under_water_one_cm":15849,"minecraft:jump":1654,"minecraft:walk_on_water_one_cm":24043,"minecraft:inspect_dispenser":2,"minecraft:fall_one_cm":31821,"minecraft:total_world_time":98478,"minecraft:interact_with_smoker":14},"minecraft:killed":{"minecraft:armadillo":1,"minecraft:pig":2,"minecraft:salmon":20,"minecraft:spider":1,"minecraft:iron_golem":2,"minecraft:bat":1,"minecraft:creeper":1,"minecraft:skeleton":1,"minecraft:sheep":20,"minecraft:chicken":8,"minecraft:cow":11},"minecraft:picked_up":{"minecraft:wooden_axe":2,"minecraft:crafting_table":3,"minecraft:wheat":13,"minecraft:repeater":3,"minecraft:feather":7,"minecraft:cooked_beef":14,"minecraft:chicken":8,"minecraft:salmon":18,"minecraft:jungle_log":27,"minecraft:leather":5,"minecraft:wooden_pickaxe":1,"minecraft:oak_log":3,"minecraft:dirt":9,"minecraft:string":5,"minecraft:red_bed":1,"minecraft:raw_copper":2,"minecraft:cooked_salmon":8,"minecraft:sticky_piston":1,"minecraft:bone":2,"minecraft:bow":1,"minecraft:wheat_seeds":14,"minecraft:iron_ingot":7,"minecraft:beef":22,"minecraft:stone_pickaxe":1,"minecraft:cooked_chicken":2,"minecraft:melon_slice":206,"minecraft:sugar_cane":10,"minecraft:egg":3,"minecraft:stick":3,"minecraft:raw_iron":42,"minecraft:porkchop":5,"minecraft:jungle_planks":1,"minecraft:diorite":22,"minecraft:redstone":5,"minecraft:mossy_cobblestone":3,"minecraft:rotten_flesh":2,"minecraft:stone_axe":1,"minecraft:hay_block":45,"minecraft:bone_meal":1,"minecraft:oak_sapling":1,"minecraft:mutton":32,"minecraft:coal":19,"minecraft:white_wool":5,"minecraft:cobblestone":173},"minecraft:broken":{"minecraft:stone_axe":1,"minecraft:wooden_axe":1},"minecraft:mined":{"minecraft:red_bed":1,"minecraft:jungle_leaves":4,"minecraft:glow_lichen":1,"minecraft:crafting_table":3,"minecraft:short_grass":65,"minecraft:grass_block":2,"minecraft:melon":50,"minecraft:jungle_log":21,"minecraft:redstone_wire":4,"minecraft:copper_ore":1,"minecraft:cobblestone":3,"minecraft:sugar_cane":6,"minecraft:diorite":2,"minecraft:hay_block":46,"minecraft:repeater":1,"minecraft:iron_ore":42,"minecraft:sticky_piston":1,"minecraft:wheat":7,"minecraft:pumpkin":1,"minecraft:coal_ore":18,"minecraft:oak_log":3,"minecraft:dirt_path":4,"minecraft:vine":7,"minecraft:dirt":9,"minecraft:stone":161,"minecraft:tripwire":5,"minecraft:oak_leaves":6,"minecraft:fern":7},"minecraft:crafted":{"minecraft:cooked_beef":22,"minecraft:oak_planks":12,"minecraft:cooked_porkchop":5,"minecraft:crafting_table":4,"minecraft:iron_helmet":1,"minecraft:wooden_pickaxe":1,"minecraft:cooked_chicken":6,"minecraft:furnace":1,"minecraft:stone_axe":3,"minecraft:bread":30,"minecraft:cooked_mutton":32,"minecraft:jungle_planks":104,"minecraft:iron_chestplate":1,"minecraft:bow":1,"minecraft:iron_boots":1,"minecraft:shield":1,"minecraft:iron_axe":1,"minecraft:stick":24,"minecraft:iron_ingot":36,"minecraft:iron_pickaxe":1,"minecraft:stone_pickaxe":2,"minecraft:wooden_axe":2,"minecraft:iron_leggings":1,"minecraft:wheat":387},"minecraft:dropped":{"minecraft:stone_axe":2,"minecraft:wheat_seeds":14,"minecraft:cooked_beef":23,"minecraft:raw_copper":2,"minecraft:mossy_cobblestone":3,"minecraft:wheat":27,"minecraft:rotten_flesh":5,"minecraft:jungle_planks":4,"minecraft:dirt":4,"minecraft:hay_block":2,"minecraft:diorite":22,"minecraft:repeater":2,"minecraft:wooden_axe":3,"minecraft:melon_slice":59,"minecraft:oak_sapling":1,"minecraft:bamboo":4,"minecraft:bone_meal":1,"minecraft:bow":1,"minecraft:stone_pickaxe":3,"minecraft:wooden_pickaxe":1,"minecraft:redstone":5,"minecraft:white_wool":5,"minecraft:egg":3,"minecraft:bone":5},"minecraft:used":{"minecraft:stone_pickaxe":219,"minecraft:wooden_pickaxe":18,"minecraft:cooked_salmon":6,"minecraft:rotten_flesh":4,"minecraft:crafting_table":7,"minecraft:red_bed":1,"minecraft:wooden_axe":91,"minecraft:bread":6,"minecraft:melon_slice":24,"minecraft:jungle_log":1,"minecraft:stone_axe":257,"minecraft:cobblestone":63,"minecraft:furnace":1},"minecraft:killed_by":{"minecraft:spider":1}},"DataVersion":3839}