{"stats":{"minecraft:custom":{"minecraft:interact_with_furnace":4,"minecraft:mob_kills":68,"minecraft:traded_with_villager":2,"minecraft:interact_with_crafting_table":13,"minecraft:leave_game":3,"minecraft:time_since_death":83880,"minecraft:sleep_in_bed":1,"minecraft:climb_one_cm":5580,"minecraft:time_since_rest":6950,"minecraft:sprint_one_cm":288404,"minecraft:damage_taken":1005,"minecraft:walk_one_cm":258059,"minecraft:drop":36,"minecraft:damage_dealt":6606,"minecraft:swim_one_cm":30952,"minecraft:talked_to_villager":5,"minecraft:fly_one_cm":204691,"minecraft:open_chest":11,"minecraft:crouch_one_cm":172,"minecraft:play_time":87280,"minecraft:deaths":1,"minecraft:sneak_time":886,"minecraft:walk_under_water_one_cm":15182,"minecraft:jump":1553,"minecraft:walk_on_water_one_cm":16335,"minecraft:interact_with_smoker":14,"minecraft:inspect_dispenser":2,"minecraft:total_world_time":87280,"minecraft:fall_one_cm":30716},"minecraft:killed":{"minecraft:armadillo":1,"minecraft:pig":2,"minecraft:salmon":20,"minecraft:spider":1,"minecraft:iron_golem":2,"minecraft:bat":1,"minecraft:creeper":1,"minecraft:sheep":20,"minecraft:chicken":8,"minecraft:cow":11},"minecraft:picked_up":{"minecraft:wooden_axe":2,"minecraft:crafting_table":3,"minecraft:wheat":13,"minecraft:cooked_beef":14,"minecraft:feather":7,"minecraft:repeater":2,"minecraft:chicken":8,"minecraft:salmon":18,"minecraft:jungle_log":27,"minecraft:leather":5,"minecraft:wooden_pickaxe":1,"minecraft:oak_log":3,"minecraft:red_bed":1,"minecraft:dirt":9,"minecraft:string":5,"minecraft:raw_copper":2,"minecraft:cooked_salmon":8,"minecraft:sticky_piston":1,"minecraft:bow":1,"minecraft:wheat_seeds":14,"minecraft:iron_ingot":7,"minecraft:beef":22,"minecraft:stone_pickaxe":1,"minecraft:cooked_chicken":2,"minecraft:sugar_cane":10,"minecraft:melon_slice":206,"minecraft:egg":3,"minecraft:stick":3,"minecraft:porkchop":5,"minecraft:jungle_planks":1,"minecraft:diorite":18,"minecraft:redstone":5,"minecraft:mossy_cobblestone":3,"minecraft:rotten_flesh":2,"minecraft:stone_axe":1,"minecraft:hay_block":45,"minecraft:bone_meal":1,"minecraft:oak_sapling":1,"minecraft:mutton":32,"minecraft:coal":17,"minecraft:white_wool":5,"minecraft:cobblestone":171},"minecraft:broken":{"minecraft:stone_axe":1,"minecraft:wooden_axe":1},"minecraft:mined":{"minecraft:red_bed":1,"minecraft:jungle_leaves":4,"minecraft:crafting_table":3,"minecraft:short_grass":65,"minecraft:grass_block":2,"minecraft:melon":50,"minecraft:jungle_log":21,"minecraft:redstone_wire":4,"minecraft:cobblestone":3,"minecraft:copper_ore":1,"minecraft:sugar_cane":6,"minecraft:diorite":1,"minecraft:hay_block":46,"minecraft:repeater":1,"minecraft:sticky_piston":1,"minecraft:wheat":7,"minecraft:pumpkin":1,"minecraft:dirt_path":4,"minecraft:oak_log":3,"minecraft:coal_ore":16,"minecraft:vine":7,"minecraft:dirt":9,"minecraft:stone":159,"minecraft:oak_leaves":6,"minecraft:tripwire":5,"minecraft:fern":7},"minecraft:crafted":{"minecraft:cooked_beef":22,"minecraft:oak_planks":12,"minecraft:cooked_porkchop":5,"minecraft:crafting_table":4,"minecraft:cooked_chicken":6,"minecraft:iron_helmet":1,"minecraft:wooden_pickaxe":1,"minecraft:stone_axe":3,"minecraft:cooked_mutton":32,"minecraft:bread":30,"minecraft:jungle_planks":104,"minecraft:bow":1,"minecraft:iron_boots":1,"minecraft:stick":20,"minecraft:iron_ingot":1,"minecraft:stone_pickaxe":2,"minecraft:wooden_axe":2,"minecraft:wheat":387},"minecraft:dropped":{"minecraft:stone_axe":1,"minecraft:wheat_seeds":14,"minecraft:cooked_beef":23,"minecraft:raw_copper":2,"minecraft:mossy_cobblestone":3,"minecraft:wheat":27,"minecraft:rotten_flesh":5,"minecraft:dirt":4,"minecraft:hay_block":2,"minecraft:diorite":18,"minecraft:repeater":1,"minecraft:wooden_axe":3,"minecraft:melon_slice":59,"minecraft:oak_sapling":1,"minecraft:bamboo":4,"minecraft:bone_meal":1,"minecraft:bow":1,"minecraft:wooden_pickaxe":1,"minecraft:stone_pickaxe":2,"minecraft:white_wool":5,"minecraft:egg":3},"minecraft:used":{"minecraft:stone_pickaxe":171,"minecraft:wooden_pickaxe":18,"minecraft:cooked_salmon":6,"minecraft:rotten_flesh":4,"minecraft:crafting_table":6,"minecraft:red_bed":1,"minecraft:wooden_axe":91,"minecraft:bread":5,"minecraft:melon_slice":24,"minecraft:jungle_log":1,"minecraft:stone_axe":253,"minecraft:cobblestone":51},"minecraft:killed_by":{"minecraft:spider":1}},"DataVersion":3839}