{"stats":{"minecraft:custom":{"minecraft:interact_with_furnace":3,"minecraft:mob_kills":51,"minecraft:interact_with_crafting_table":11,"minecraft:leave_game":3,"minecraft:time_since_death":59880,"minecraft:climb_one_cm":5580,"minecraft:time_since_rest":59908,"minecraft:sprint_one_cm":161731,"minecraft:damage_taken":925,"minecraft:walk_one_cm":196093,"minecraft:drop":21,"minecraft:damage_dealt":5328,"minecraft:swim_one_cm":30952,"minecraft:talked_to_villager":1,"minecraft:fly_one_cm":109300,"minecraft:open_chest":9,"minecraft:crouch_one_cm":172,"minecraft:play_time":63280,"minecraft:deaths":1,"minecraft:sneak_time":886,"minecraft:walk_under_water_one_cm":15182,"minecraft:jump":1064,"minecraft:walk_on_water_one_cm":15035,"minecraft:inspect_dispenser":2,"minecraft:total_world_time":63280,"minecraft:fall_one_cm":19486},"minecraft:killed":{"minecraft:armadillo":1,"minecraft:pig":2,"minecraft:salmon":20,"minecraft:spider":1,"minecraft:iron_golem":2,"minecraft:bat":1,"minecraft:creeper":1,"minecraft:sheep":8,"minecraft:chicken":5,"minecraft:cow":9},"minecraft:picked_up":{"minecraft:wooden_axe":2,"minecraft:crafting_table":3,"minecraft:feather":3,"minecraft:repeater":1,"minecraft:chicken":5,"minecraft:salmon":18,"minecraft:jungle_log":27,"minecraft:leather":5,"minecraft:wooden_pickaxe":1,"minecraft:oak_log":3,"minecraft:dirt":9,"minecraft:string":5,"minecraft:raw_copper":2,"minecraft:cooked_salmon":8,"minecraft:sticky_piston":1,"minecraft:wheat_seeds":13,"minecraft:iron_ingot":7,"minecraft:beef":18,"minecraft:stone_pickaxe":1,"minecraft:cooked_chicken":2,"minecraft:sugar_cane":10,"minecraft:melon_slice":160,"minecraft:egg":2,"minecraft:stick":1,"minecraft:porkchop":5,"minecraft:jungle_planks":1,"minecraft:diorite":12,"minecraft:redstone":5,"minecraft:mossy_cobblestone":3,"minecraft:rotten_flesh":2,"minecraft:hay_block":36,"minecraft:bone_meal":1,"minecraft:oak_sapling":1,"minecraft:mutton":13,"minecraft:coal":6,"minecraft:white_wool":5,"minecraft:cobblestone":135},"minecraft:broken":{"minecraft:stone_axe":1,"minecraft:wooden_axe":1},"minecraft:mined":{"minecraft:jungle_leaves":4,"minecraft:crafting_table":3,"minecraft:short_grass":55,"minecraft:grass_block":2,"minecraft:melon":41,"minecraft:jungle_log":21,"minecraft:redstone_wire":4,"minecraft:cobblestone":3,"minecraft:copper_ore":1,"minecraft:sugar_cane":6,"minecraft:diorite":1,"minecraft:hay_block":37,"minecraft:repeater":1,"minecraft:sticky_piston":1,"minecraft:wheat":4,"minecraft:pumpkin":1,"minecraft:oak_log":3,"minecraft:coal_ore":6,"minecraft:vine":7,"minecraft:dirt":3,"minecraft:stone":123,"minecraft:oak_leaves":6,"minecraft:tripwire":5,"minecraft:fern":7},"minecraft:crafted":{"minecraft:oak_planks":12,"minecraft:crafting_table":4,"minecraft:iron_helmet":1,"minecraft:wooden_pickaxe":1,"minecraft:stone_axe":3,"minecraft:bread":18,"minecraft:jungle_planks":104,"minecraft:iron_boots":1,"minecraft:stick":20,"minecraft:iron_ingot":1,"minecraft:stone_pickaxe":2,"minecraft:wooden_axe":2,"minecraft:wheat":306},"minecraft:dropped":{"minecraft:wheat_seeds":13,"minecraft:raw_copper":2,"minecraft:mossy_cobblestone":3,"minecraft:rotten_flesh":5,"minecraft:dirt":4,"minecraft:diorite":6,"minecraft:wooden_axe":3,"minecraft:melon_slice":53,"minecraft:oak_sapling":1,"minecraft:bamboo":4,"minecraft:bone_meal":1,"minecraft:wooden_pickaxe":1,"minecraft:stone_pickaxe":2,"minecraft:white_wool":5,"minecraft:egg":2},"minecraft:used":{"minecraft:stone_pickaxe":124,"minecraft:wooden_pickaxe":18,"minecraft:cooked_salmon":4,"minecraft:rotten_flesh":4,"minecraft:crafting_table":6,"minecraft:wooden_axe":91,"minecraft:melon_slice":24,"minecraft:jungle_log":1,"minecraft:stone_axe":188,"minecraft:cobblestone":51},"minecraft:killed_by":{"minecraft:spider":1}},"DataVersion":3839}