{"stats":{"minecraft:custom":{"minecraft:interact_with_furnace":21,"minecraft:mob_kills":42,"minecraft:interact_with_crafting_table":23,"minecraft:bell_ring":18,"minecraft:leave_game":5,"minecraft:time_since_death":351,"minecraft:climb_one_cm":6062,"minecraft:time_since_rest":391,"minecraft:sprint_one_cm":169096,"minecraft:damage_taken":2114,"minecraft:walk_one_cm":189422,"minecraft:damage_blocked_by_shield":1134,"minecraft:drop":19,"minecraft:damage_dealt":7485,"minecraft:swim_one_cm":559,"minecraft:talked_to_villager":1,"minecraft:fly_one_cm":158396,"minecraft:open_chest":3,"minecraft:crouch_one_cm":21125,"minecraft:play_time":88157,"minecraft:sneak_time":10656,"minecraft:deaths":3,"minecraft:walk_under_water_one_cm":6717,"minecraft:jump":1433,"minecraft:walk_on_water_one_cm":21562,"minecraft:total_world_time":88157,"minecraft:fall_one_cm":31299},"minecraft:killed":{"minecraft:zombie_villager":1,"minecraft:spider":3,"minecraft:skeleton":17,"minecraft:sheep":1,"minecraft:zombie":16,"minecraft:enderman":1},"minecraft:picked_up":{"minecraft:wooden_axe":2,"minecraft:crafting_table":11,"minecraft:chest_minecart":2,"minecraft:water_bucket":1,"minecraft:glow_ink_sac":19,"minecraft:andesite":17,"minecraft:jungle_log":57,"minecraft:wooden_pickaxe":1,"minecraft:tuff":1,"minecraft:shield":2,"minecraft:iron_axe":1,"minecraft:lapis_lazuli":92,"minecraft:dirt":68,"minecraft:raw_copper":9,"minecraft:cooked_salmon":16,"minecraft:wooden_sword":2,"minecraft:name_tag":1,"minecraft:sticky_piston":6,"minecraft:bone":24,"minecraft:apple":1,"minecraft:bow":3,"minecraft:cobbled_deepslate":8,"minecraft:wheat_seeds":32,"minecraft:wild_armor_trim_smithing_template":4,"minecraft:iron_ingot":5,"minecraft:stone_pickaxe":2,"minecraft:cooked_chicken":1,"minecraft:iron_pickaxe":1,"minecraft:bamboo":260,"minecraft:melon_slice":296,"minecraft:chest":2,"minecraft:furnace":6,"minecraft:egg":12,"minecraft:stick":16,"minecraft:raw_iron":137,"minecraft:jungle_planks":1,"minecraft:redstone":1,"minecraft:mossy_cobblestone":3,"minecraft:arrow":26,"minecraft:rotten_flesh":25,"minecraft:diamond":1,"minecraft:stone_axe":1,"minecraft:hay_block":2,"minecraft:oak_sapling":1,"minecraft:melon_seeds":2,"minecraft:mutton":2,"minecraft:coal":364,"minecraft:white_wool":3,"minecraft:cobblestone":247},"minecraft:broken":{"minecraft:stone_pickaxe":2,"minecraft:wooden_sword":1,"minecraft:stone_axe":1,"minecraft:wooden_axe":2,"minecraft:wooden_pickaxe":1},"minecraft:mined":{"minecraft:tuff":1,"minecraft:mossy_cobblestone":3,"minecraft:crafting_table":9,"minecraft:short_grass":7,"minecraft:grass_block":4,"minecraft:jungle_planks":2,"minecraft:melon":17,"minecraft:chest":2,"minecraft:jungle_log":47,"minecraft:redstone_wire":1,"minecraft:copper_ore":1,"minecraft:cobblestone":18,"minecraft:lapis_ore":8,"minecraft:furnace":2,"minecraft:iron_ore":73,"minecraft:sticky_piston":1,"minecraft:andesite":17,"minecraft:deepslate_lapis_ore":6,"minecraft:coal_ore":120,"minecraft:deepslate_iron_ore":32,"minecraft:vine":7,"minecraft:dirt":18,"minecraft:bamboo":13,"minecraft:stone":119,"minecraft:deepslate":4,"minecraft:oak_leaves":18,"minecraft:fern":1,"minecraft:piston_head":1},"minecraft:crafted":{"minecraft:wooden_sword":1,"minecraft:crafting_table":2,"minecraft:iron_helmet":1,"minecraft:wooden_pickaxe":1,"minecraft:cooked_chicken":2,"minecraft:furnace":1,"minecraft:cooked_salmon":18,"minecraft:bucket":1,"minecraft:stone_axe":1,"minecraft:air":0,"minecraft:jungle_planks":48,"minecraft:iron_boots":1,"minecraft:shield":2,"minecraft:iron_axe":1,"minecraft:stick":20,"minecraft:iron_ingot":26,"minecraft:stone_pickaxe":2,"minecraft:iron_pickaxe":1,"minecraft:wooden_axe":2,"minecraft:iron_leggings":1},"minecraft:dropped":{"minecraft:iron_ingot":1,"minecraft:wheat_seeds":14,"minecraft:cooked_chicken":3,"minecraft:cobbled_deepslate":5,"minecraft:mossy_cobblestone":3,"minecraft:raw_iron":3,"minecraft:cobblestone":64,"minecraft:coal":32,"minecraft:shield":1,"minecraft:wooden_axe":1,"minecraft:jungle_log":12,"minecraft:melon_slice":71,"minecraft:cooked_salmon":8,"minecraft:wooden_pickaxe":1,"minecraft:iron_pickaxe":1,"minecraft:redstone":1},"minecraft:used":{"minecraft:water_bucket":14,"minecraft:stone_pickaxe":262,"minecraft:wooden_pickaxe":59,"minecraft:shield":42,"minecraft:cooked_salmon":6,"minecraft:rotten_flesh":6,"minecraft:crafting_table":10,"minecraft:jungle_planks":2,"minecraft:tuff":1,"minecraft:sticky_piston":2,"minecraft:wooden_axe":105,"minecraft:apple":1,"minecraft:iron_axe":9,"minecraft:melon_slice":49,"minecraft:iron_pickaxe":84,"minecraft:stone_axe":67,"minecraft:wooden_sword":46,"minecraft:bow":2,"minecraft:cobblestone":64,"minecraft:furnace":2,"minecraft:oak_sapling":1,"minecraft:bucket":15,"minecraft:andesite":17},"minecraft:killed_by":{"minecraft:skeleton":1,"minecraft:zombie":1}},"DataVersion":3839}