{"stats":{"minecraft:custom":{"minecraft:mob_kills":56,"minecraft:animals_bred":2,"minecraft:interact_with_crafting_table":35,"minecraft:bell_ring":18,"minecraft:leave_game":6,"minecraft:time_since_death":80291,"minecraft:climb_one_cm":6062,"minecraft:sprint_one_cm":350368,"minecraft:walk_one_cm":444578,"minecraft:damage_blocked_by_shield":1177,"minecraft:drop":28,"minecraft:talked_to_villager":3,"minecraft:play_time":168097,"minecraft:deaths":3,"minecraft:sneak_time":19866,"minecraft:walk_under_water_one_cm":13138,"minecraft:jump":2558,"minecraft:walk_on_water_one_cm":26296,"minecraft:total_world_time":168097,"minecraft:interact_with_furnace":26,"minecraft:sleep_in_bed":1,"minecraft:time_since_rest":61196,"minecraft:damage_taken":2424,"minecraft:damage_dealt":9254,"minecraft:swim_one_cm":21698,"minecraft:fly_one_cm":367499,"minecraft:open_chest":8,"minecraft:crouch_one_cm":46724,"minecraft:interact_with_smoker":8,"minecraft:fall_one_cm":65414},"minecraft:killed":{"minecraft:spider":3,"minecraft:skeleton":17,"minecraft:chicken":3,"minecraft:zombie_villager":1,"minecraft:iron_golem":1,"minecraft:creeper":4,"minecraft:sheep":6,"minecraft:zombie":16,"minecraft:enderman":1},"minecraft:picked_up":{"minecraft:wooden_axe":2,"minecraft:crafting_table":13,"minecraft:chicken":3,"minecraft:chest_minecart":3,"minecraft:wooden_pickaxe":1,"minecraft:shield":3,"minecraft:iron_axe":2,"minecraft:raw_copper":12,"minecraft:cooked_salmon":16,"minecraft:wooden_sword":2,"minecraft:iron_leggings":1,"minecraft:sticky_piston":6,"minecraft:cobbled_deepslate":12,"minecraft:detector_rail":4,"minecraft:bucket":1,"minecraft:beef":3,"minecraft:iron_pickaxe":2,"minecraft:melon_slice":330,"minecraft:chest":2,"minecraft:egg":24,"minecraft:iron_boots":1,"minecraft:furnace":7,"minecraft:raw_iron":235,"minecraft:stick":19,"minecraft:torch":21,"minecraft:redstone":1,"minecraft:rotten_flesh":37,"minecraft:arrow":47,"minecraft:hay_block":2,"minecraft:mutton":6,"minecraft:snowball":22,"minecraft:cobblestone":1257,"minecraft:white_wool":9,"minecraft:cooked_beef":9,"minecraft:jungle_log":57,"minecraft:glow_ink_sac":19,"minecraft:water_bucket":1,"minecraft:andesite":17,"minecraft:flint":13,"minecraft:tuff":1,"minecraft:oak_log":9,"minecraft:gunpowder":1,"minecraft:lapis_lazuli":120,"minecraft:dirt":122,"minecraft:name_tag":1,"minecraft:glass":17,"minecraft:bone":42,"minecraft:apple":1,"minecraft:bow":5,"minecraft:wheat_seeds":33,"minecraft:wild_armor_trim_smithing_template":6,"minecraft:raw_gold":13,"minecraft:cooked_chicken":1,"minecraft:stone_pickaxe":3,"minecraft:iron_ingot":8,"minecraft:bamboo":353,"minecraft:gravel":87,"minecraft:sand":38,"minecraft:jungle_planks":45,"minecraft:white_bed":1,"minecraft:mossy_cobblestone":3,"minecraft:diamond":2,"minecraft:stone_axe":1,"minecraft:iron_helmet":1,"minecraft:oak_sapling":1,"minecraft:melon_seeds":14,"minecraft:coal":444},"minecraft:broken":{"minecraft:wooden_pickaxe":1,"minecraft:stone_pickaxe":8,"minecraft:wooden_sword":1,"minecraft:stone_axe":1,"minecraft:iron_pickaxe":2,"minecraft:wooden_axe":2},"minecraft:mined":{"minecraft:tuff":1,"minecraft:white_bed":1,"minecraft:mossy_cobblestone":3,"minecraft:grass_block":4,"minecraft:jungle_planks":2,"minecraft:jungle_log":47,"minecraft:redstone_wire":1,"minecraft:furnace":3,"minecraft:iron_ore":90,"minecraft:sticky_piston":1,"minecraft:snow":18,"minecraft:andesite":17,"minecraft:deepslate_lapis_ore":6,"minecraft:deepslate_iron_ore":32,"minecraft:vine":7,"minecraft:bamboo_sapling":19,"minecraft:bamboo":18,"minecraft:stone":1102,"minecraft:piston_head":1,"minecraft:acacia_leaves":4,"minecraft:snow_block":1,"minecraft:crafting_table":11,"minecraft:short_grass":10,"minecraft:melon":18,"minecraft:chest":2,"minecraft:glass":1,"minecraft:tall_grass":1,"minecraft:copper_ore":1,"minecraft:cobblestone":74,"minecraft:lapis_ore":8,"minecraft:wheat":2,"minecraft:coal_ore":144,"minecraft:oak_log":9,"minecraft:sand":41,"minecraft:gravel":100,"minecraft:dirt":50,"minecraft:oak_leaves":21,"minecraft:deepslate":4,"minecraft:fern":1},"minecraft:crafted":{"minecraft:wooden_sword":1,"minecraft:oak_planks":4,"minecraft:stone_shovel":1,"minecraft:cooked_chicken":2,"minecraft:furnace":2,"minecraft:cooked_mutton":1,"minecraft:glass":15,"minecraft:iron_boots":1,"minecraft:iron_axe":1,"minecraft:stone_pickaxe":8,"minecraft:chest":3,"minecraft:smoker":2,"minecraft:crafting_table":3,"minecraft:wooden_pickaxe":1,"minecraft:iron_helmet":1,"minecraft:iron_sword":1,"minecraft:cooked_salmon":18,"minecraft:bucket":1,"minecraft:stone_axe":1,"minecraft:air":0,"minecraft:jungle_planks":48,"minecraft:shield":2,"minecraft:stick":42,"minecraft:iron_ingot":26,"minecraft:iron_pickaxe":2,"minecraft:wooden_axe":2,"minecraft:iron_leggings":1,"minecraft:white_bed":1},"minecraft:dropped":{"minecraft:iron_ingot":1,"minecraft:wheat_seeds":14,"minecraft:mossy_cobblestone":3,"minecraft:cobblestone":64,"minecraft:coal":32,"minecraft:stick":2,"minecraft:mutton":2,"minecraft:wooden_axe":1,"minecraft:melon_slice":71,"minecraft:cooked_salmon":8,"minecraft:iron_pickaxe":1,"minecraft:redstone":1,"minecraft:cooked_chicken":3,"minecraft:cobbled_deepslate":8,"minecraft:raw_iron":20,"minecraft:oak_planks":1,"minecraft:shield":1,"minecraft:jungle_log":12,"minecraft:bow":1,"minecraft:stone_pickaxe":1,"minecraft:wooden_pickaxe":1,"minecraft:egg":10},"minecraft:used":{"minecraft:stone_shovel":26,"minecraft:chest":3,"minecraft:shield":43,"minecraft:iron_sword":24,"minecraft:cooked_salmon":6,"minecraft:rotten_flesh":6,"minecraft:jungle_planks":2,"minecraft:tuff":1,"minecraft:glass":32,"minecraft:wooden_axe":105,"minecraft:iron_axe":51,"minecraft:bamboo":25,"minecraft:bow":10,"minecraft:oak_sapling":1,"minecraft:furnace":4,"minecraft:cooked_beef":3,"minecraft:wheat_seeds":1,"minecraft:cooked_mutton":1,"minecraft:water_bucket":14,"minecraft:stone_pickaxe":1047,"minecraft:wooden_pickaxe":59,"minecraft:crafting_table":15,"minecraft:white_bed":1,"minecraft:smoker":2,"minecraft:sticky_piston":2,"minecraft:apple":1,"minecraft:melon_slice":62,"minecraft:iron_pickaxe":499,"minecraft:stone_axe":67,"minecraft:wooden_sword":46,"minecraft:cobblestone":252,"minecraft:andesite":17,"minecraft:bucket":16},"minecraft:killed_by":{"minecraft:skeleton":1,"minecraft:zombie":1}},"DataVersion":3839}