{"stats":{"minecraft:custom":{"minecraft:mob_kills":47,"minecraft:interact_with_crafting_table":26,"minecraft:bell_ring":18,"minecraft:leave_game":5,"minecraft:time_since_death":14045,"minecraft:climb_one_cm":6062,"minecraft:sprint_one_cm":218055,"minecraft:walk_one_cm":220865,"minecraft:damage_blocked_by_shield":1134,"minecraft:drop":21,"minecraft:talked_to_villager":3,"minecraft:play_time":101851,"minecraft:deaths":3,"minecraft:sneak_time":12602,"minecraft:walk_under_water_one_cm":8669,"minecraft:jump":1772,"minecraft:walk_on_water_one_cm":22247,"minecraft:total_world_time":101851,"minecraft:interact_with_furnace":21,"minecraft:time_since_rest":14085,"minecraft:damage_taken":2144,"minecraft:damage_dealt":8745,"minecraft:swim_one_cm":3737,"minecraft:fly_one_cm":221632,"minecraft:open_chest":3,"minecraft:crouch_one_cm":26520,"minecraft:interact_with_smoker":8,"minecraft:fall_one_cm":41798},"minecraft:killed":{"minecraft:spider":3,"minecraft:skeleton":17,"minecraft:chicken":3,"minecraft:zombie_villager":1,"minecraft:iron_golem":1,"minecraft:creeper":1,"minecraft:sheep":1,"minecraft:zombie":16,"minecraft:enderman":1},"minecraft:picked_up":{"minecraft:wooden_axe":2,"minecraft:crafting_table":11,"minecraft:chicken":3,"minecraft:chest_minecart":3,"minecraft:wooden_pickaxe":1,"minecraft:shield":3,"minecraft:iron_axe":2,"minecraft:raw_copper":12,"minecraft:cooked_salmon":16,"minecraft:wooden_sword":2,"minecraft:iron_leggings":1,"minecraft:sticky_piston":6,"minecraft:cobbled_deepslate":9,"minecraft:detector_rail":4,"minecraft:bucket":1,"minecraft:iron_pickaxe":2,"minecraft:melon_slice":330,"minecraft:chest":2,"minecraft:egg":18,"minecraft:iron_boots":1,"minecraft:furnace":7,"minecraft:raw_iron":201,"minecraft:stick":19,"minecraft:torch":21,"minecraft:redstone":1,"minecraft:rotten_flesh":37,"minecraft:arrow":46,"minecraft:hay_block":2,"minecraft:mutton":3,"minecraft:cobblestone":253,"minecraft:white_wool":4,"minecraft:cooked_beef":9,"minecraft:jungle_log":57,"minecraft:glow_ink_sac":19,"minecraft:water_bucket":1,"minecraft:andesite":17,"minecraft:tuff":1,"minecraft:oak_log":9,"minecraft:lapis_lazuli":120,"minecraft:dirt":90,"minecraft:name_tag":1,"minecraft:bone":42,"minecraft:apple":1,"minecraft:bow":4,"minecraft:wheat_seeds":33,"minecraft:wild_armor_trim_smithing_template":6,"minecraft:raw_gold":13,"minecraft:cooked_chicken":1,"minecraft:stone_pickaxe":2,"minecraft:iron_ingot":8,"minecraft:bamboo":353,"minecraft:jungle_planks":45,"minecraft:mossy_cobblestone":3,"minecraft:diamond":2,"minecraft:stone_axe":1,"minecraft:iron_helmet":1,"minecraft:oak_sapling":1,"minecraft:melon_seeds":14,"minecraft:coal":440},"minecraft:broken":{"minecraft:wooden_pickaxe":1,"minecraft:stone_pickaxe":2,"minecraft:wooden_sword":1,"minecraft:stone_axe":1,"minecraft:wooden_axe":2},"minecraft:mined":{"minecraft:tuff":1,"minecraft:mossy_cobblestone":3,"minecraft:grass_block":4,"minecraft:jungle_planks":2,"minecraft:jungle_log":47,"minecraft:redstone_wire":1,"minecraft:furnace":3,"minecraft:iron_ore":73,"minecraft:sticky_piston":1,"minecraft:andesite":17,"minecraft:deepslate_lapis_ore":6,"minecraft:deepslate_iron_ore":32,"minecraft:vine":7,"minecraft:bamboo_sapling":19,"minecraft:bamboo":18,"minecraft:stone":119,"minecraft:piston_head":1,"minecraft:acacia_leaves":4,"minecraft:crafting_table":9,"minecraft:short_grass":9,"minecraft:melon":18,"minecraft:chest":2,"minecraft:copper_ore":1,"minecraft:cobblestone":24,"minecraft:lapis_ore":8,"minecraft:wheat":2,"minecraft:coal_ore":123,"minecraft:oak_log":9,"minecraft:dirt":18,"minecraft:oak_leaves":20,"minecraft:deepslate":4,"minecraft:fern":1},"minecraft:crafted":{"minecraft:wooden_sword":1,"minecraft:oak_planks":4,"minecraft:cooked_chicken":2,"minecraft:furnace":1,"minecraft:cooked_mutton":1,"minecraft:iron_boots":1,"minecraft:iron_axe":1,"minecraft:stone_pickaxe":2,"minecraft:smoker":2,"minecraft:crafting_table":2,"minecraft:wooden_pickaxe":1,"minecraft:iron_helmet":1,"minecraft:iron_sword":1,"minecraft:cooked_salmon":18,"minecraft:bucket":1,"minecraft:stone_axe":1,"minecraft:air":0,"minecraft:jungle_planks":48,"minecraft:shield":2,"minecraft:stick":20,"minecraft:iron_ingot":26,"minecraft:iron_pickaxe":1,"minecraft:wooden_axe":2,"minecraft:iron_leggings":1},"minecraft:dropped":{"minecraft:iron_ingot":1,"minecraft:wheat_seeds":14,"minecraft:mossy_cobblestone":3,"minecraft:cobblestone":64,"minecraft:coal":32,"minecraft:stick":2,"minecraft:wooden_axe":1,"minecraft:melon_slice":71,"minecraft:cooked_salmon":8,"minecraft:iron_pickaxe":1,"minecraft:redstone":1,"minecraft:cooked_chicken":3,"minecraft:cobbled_deepslate":5,"minecraft:raw_iron":3,"minecraft:shield":1,"minecraft:jungle_log":12,"minecraft:wooden_pickaxe":1,"minecraft:egg":4},"minecraft:used":{"minecraft:shield":42,"minecraft:iron_sword":24,"minecraft:cooked_salmon":6,"minecraft:rotten_flesh":6,"minecraft:jungle_planks":2,"minecraft:tuff":1,"minecraft:wooden_axe":105,"minecraft:iron_axe":38,"minecraft:bamboo":25,"minecraft:bow":2,"minecraft:oak_sapling":1,"minecraft:furnace":3,"minecraft:cooked_beef":1,"minecraft:wheat_seeds":1,"minecraft:water_bucket":14,"minecraft:stone_pickaxe":262,"minecraft:wooden_pickaxe":59,"minecraft:crafting_table":11,"minecraft:smoker":2,"minecraft:sticky_piston":2,"minecraft:apple":1,"minecraft:melon_slice":49,"minecraft:iron_pickaxe":94,"minecraft:stone_axe":67,"minecraft:wooden_sword":46,"minecraft:cobblestone":74,"minecraft:andesite":17,"minecraft:bucket":16},"minecraft:killed_by":{"minecraft:skeleton":1,"minecraft:zombie":1}},"DataVersion":3839}