{"stats":{"minecraft:custom":{"minecraft:mob_kills":55,"minecraft:animals_bred":2,"minecraft:interact_with_crafting_table":30,"minecraft:bell_ring":18,"minecraft:leave_game":5,"minecraft:time_since_death":38045,"minecraft:climb_one_cm":6062,"minecraft:sprint_one_cm":276552,"minecraft:walk_one_cm":289829,"minecraft:damage_blocked_by_shield":1177,"minecraft:drop":26,"minecraft:talked_to_villager":3,"minecraft:play_time":125851,"minecraft:deaths":3,"minecraft:sneak_time":14468,"minecraft:walk_under_water_one_cm":9995,"minecraft:jump":2116,"minecraft:walk_on_water_one_cm":23774,"minecraft:total_world_time":125851,"minecraft:interact_with_furnace":21,"minecraft:sleep_in_bed":1,"minecraft:time_since_rest":18950,"minecraft:damage_taken":2324,"minecraft:damage_dealt":9246,"minecraft:swim_one_cm":5618,"minecraft:fly_one_cm":284767,"minecraft:open_chest":6,"minecraft:crouch_one_cm":33218,"minecraft:interact_with_smoker":8,"minecraft:fall_one_cm":49906},"minecraft:killed":{"minecraft:spider":3,"minecraft:skeleton":17,"minecraft:chicken":3,"minecraft:zombie_villager":1,"minecraft:iron_golem":1,"minecraft:creeper":3,"minecraft:sheep":6,"minecraft:zombie":16,"minecraft:enderman":1},"minecraft:picked_up":{"minecraft:wooden_axe":2,"minecraft:crafting_table":13,"minecraft:chicken":3,"minecraft:chest_minecart":3,"minecraft:wooden_pickaxe":1,"minecraft:shield":3,"minecraft:iron_axe":2,"minecraft:raw_copper":12,"minecraft:cooked_salmon":16,"minecraft:wooden_sword":2,"minecraft:iron_leggings":1,"minecraft:sticky_piston":6,"minecraft:cobbled_deepslate":12,"minecraft:detector_rail":4,"minecraft:bucket":1,"minecraft:beef":3,"minecraft:iron_pickaxe":2,"minecraft:melon_slice":330,"minecraft:chest":2,"minecraft:egg":24,"minecraft:iron_boots":1,"minecraft:furnace":7,"minecraft:raw_iron":235,"minecraft:stick":19,"minecraft:torch":21,"minecraft:redstone":1,"minecraft:rotten_flesh":37,"minecraft:arrow":47,"minecraft:hay_block":2,"minecraft:mutton":6,"minecraft:cobblestone":641,"minecraft:white_wool":9,"minecraft:cooked_beef":9,"minecraft:jungle_log":57,"minecraft:glow_ink_sac":19,"minecraft:water_bucket":1,"minecraft:andesite":17,"minecraft:tuff":1,"minecraft:oak_log":9,"minecraft:gunpowder":1,"minecraft:lapis_lazuli":120,"minecraft:dirt":102,"minecraft:name_tag":1,"minecraft:bone":42,"minecraft:apple":1,"minecraft:bow":4,"minecraft:wheat_seeds":33,"minecraft:wild_armor_trim_smithing_template":6,"minecraft:raw_gold":13,"minecraft:cooked_chicken":1,"minecraft:stone_pickaxe":2,"minecraft:iron_ingot":8,"minecraft:bamboo":353,"minecraft:jungle_planks":45,"minecraft:white_bed":1,"minecraft:mossy_cobblestone":3,"minecraft:diamond":2,"minecraft:stone_axe":1,"minecraft:iron_helmet":1,"minecraft:oak_sapling":1,"minecraft:melon_seeds":14,"minecraft:coal":442},"minecraft:broken":{"minecraft:wooden_pickaxe":1,"minecraft:stone_pickaxe":2,"minecraft:wooden_sword":1,"minecraft:stone_axe":1,"minecraft:iron_pickaxe":2,"minecraft:wooden_axe":2},"minecraft:mined":{"minecraft:tuff":1,"minecraft:white_bed":1,"minecraft:mossy_cobblestone":3,"minecraft:grass_block":4,"minecraft:jungle_planks":2,"minecraft:jungle_log":47,"minecraft:redstone_wire":1,"minecraft:furnace":3,"minecraft:iron_ore":90,"minecraft:sticky_piston":1,"minecraft:andesite":17,"minecraft:deepslate_lapis_ore":6,"minecraft:deepslate_iron_ore":32,"minecraft:vine":7,"minecraft:bamboo_sapling":19,"minecraft:bamboo":18,"minecraft:stone":529,"minecraft:piston_head":1,"minecraft:acacia_leaves":4,"minecraft:crafting_table":11,"minecraft:short_grass":10,"minecraft:melon":18,"minecraft:chest":2,"minecraft:tall_grass":1,"minecraft:copper_ore":1,"minecraft:cobblestone":29,"minecraft:lapis_ore":8,"minecraft:wheat":2,"minecraft:coal_ore":142,"minecraft:oak_log":9,"minecraft:dirt":30,"minecraft:oak_leaves":20,"minecraft:deepslate":4,"minecraft:fern":1},"minecraft:crafted":{"minecraft:wooden_sword":1,"minecraft:oak_planks":4,"minecraft:cooked_chicken":2,"minecraft:furnace":1,"minecraft:cooked_mutton":1,"minecraft:iron_boots":1,"minecraft:iron_axe":1,"minecraft:stone_pickaxe":7,"minecraft:chest":3,"minecraft:smoker":2,"minecraft:crafting_table":2,"minecraft:wooden_pickaxe":1,"minecraft:iron_helmet":1,"minecraft:iron_sword":1,"minecraft:cooked_salmon":18,"minecraft:bucket":1,"minecraft:stone_axe":1,"minecraft:air":0,"minecraft:jungle_planks":48,"minecraft:shield":2,"minecraft:stick":34,"minecraft:iron_ingot":26,"minecraft:iron_pickaxe":2,"minecraft:wooden_axe":2,"minecraft:iron_leggings":1,"minecraft:white_bed":1},"minecraft:dropped":{"minecraft:iron_ingot":1,"minecraft:wheat_seeds":14,"minecraft:mossy_cobblestone":3,"minecraft:cobblestone":64,"minecraft:coal":32,"minecraft:stick":2,"minecraft:mutton":2,"minecraft:wooden_axe":1,"minecraft:melon_slice":71,"minecraft:cooked_salmon":8,"minecraft:iron_pickaxe":1,"minecraft:redstone":1,"minecraft:cooked_chicken":3,"minecraft:cobbled_deepslate":8,"minecraft:raw_iron":20,"minecraft:oak_planks":1,"minecraft:shield":1,"minecraft:jungle_log":12,"minecraft:wooden_pickaxe":1,"minecraft:egg":10},"minecraft:used":{"minecraft:chest":3,"minecraft:shield":43,"minecraft:iron_sword":24,"minecraft:cooked_salmon":6,"minecraft:rotten_flesh":6,"minecraft:jungle_planks":2,"minecraft:tuff":1,"minecraft:wooden_axe":105,"minecraft:iron_axe":51,"minecraft:bamboo":25,"minecraft:bow":7,"minecraft:oak_sapling":1,"minecraft:furnace":3,"minecraft:cooked_beef":3,"minecraft:wheat_seeds":1,"minecraft:cooked_mutton":1,"minecraft:water_bucket":14,"minecraft:stone_pickaxe":314,"minecraft:wooden_pickaxe":59,"minecraft:crafting_table":14,"minecraft:white_bed":1,"minecraft:smoker":2,"minecraft:sticky_piston":2,"minecraft:apple":1,"minecraft:melon_slice":51,"minecraft:iron_pickaxe":499,"minecraft:stone_axe":67,"minecraft:wooden_sword":46,"minecraft:cobblestone":114,"minecraft:andesite":17,"minecraft:bucket":16},"minecraft:killed_by":{"minecraft:skeleton":1,"minecraft:zombie":1}},"DataVersion":3839}