{"stats":{"minecraft:custom":{"minecraft:time_since_rest":279,"minecraft:interact_with_furnace":8,"minecraft:sprint_one_cm":60097,"minecraft:damage_taken":805,"minecraft:walk_one_cm":111662,"minecraft:damage_blocked_by_shield":245,"minecraft:mob_kills":3,"minecraft:drop":16,"minecraft:damage_dealt":639,"minecraft:interact_with_crafting_table":5,"minecraft:fly_one_cm":26362,"minecraft:crouch_one_cm":1574,"minecraft:deaths":1,"minecraft:play_time":48545,"minecraft:sneak_time":903,"minecraft:walk_under_water_one_cm":3360,"minecraft:jump":467,"minecraft:walk_on_water_one_cm":8793,"minecraft:time_since_death":128,"minecraft:climb_one_cm":592,"minecraft:total_world_time":48545,"minecraft:fall_one_cm":8444},"minecraft:killed":{"minecraft:skeleton":1,"minecraft:zombie":2},"minecraft:picked_up":{"minecraft:crafting_table":1,"minecraft:cocoa_beans":3,"minecraft:raw_iron":12,"minecraft:chest_minecart":1,"minecraft:jungle_log":12,"minecraft:shield":1,"minecraft:dirt":2,"minecraft:rotten_flesh":2,"minecraft:pumpkin_seeds":2,"minecraft:bone":2,"minecraft:diamond":1,"minecraft:wheat_seeds":14,"minecraft:cobbled_deepslate":2,"minecraft:raw_gold":13,"minecraft:iron_ingot":1,"minecraft:bamboo":17,"minecraft:melon_slice":71,"minecraft:white_wool":1,"minecraft:coal":32,"minecraft:cobblestone":75,"minecraft:furnace":1},"minecraft:mined":{"minecraft:furnace":1,"minecraft:deepslate_diamond_ore":1,"minecraft:iron_ore":6,"minecraft:jungle_leaves":6,"minecraft:andesite":1,"minecraft:cocoa":1,"minecraft:vine":1,"minecraft:dirt":2,"minecraft:cobblestone":3,"minecraft:deepslate_gold_ore":8,"minecraft:stone":11,"minecraft:gold_ore":5,"minecraft:deepslate":1},"minecraft:crafted":{"minecraft:iron_boots":1,"minecraft:crafting_table":1,"minecraft:iron_ingot":18,"minecraft:iron_helmet":1,"minecraft:iron_leggings":1,"minecraft:furnace":1,"minecraft:bucket":1,"minecraft:jungle_planks":48},"minecraft:dropped":{"minecraft:wheat_seeds":14,"minecraft:cocoa_beans":3,"minecraft:diamond":1},"minecraft:used":{"minecraft:lava_bucket":5,"minecraft:iron_axe":15,"minecraft:melon_slice":36,"minecraft:iron_pickaxe":38,"minecraft:iron_helmet":1,"minecraft:shield":4,"minecraft:iron_boots":1,"minecraft:cobblestone":55,"minecraft:furnace":1,"minecraft:bucket":5,"minecraft:iron_leggings":1},"minecraft:killed_by":{"minecraft:zombie":1}},"DataVersion":3839}